run,source_class,chirp_mass_min,snr_min,snr_max,found,missed
O3a,BNS,1.12,4.0,4.1892,0.094,0.688
O3a,BNS,1.12,4.1892,4.3873,0.281,1.062
O3a,BNS,1.12,4.3873,4.5948,0.625,1.781
O3a,BNS,1.12,4.5948,4.8121,0.859,3.188
O3a,BNS,1.12,4.8121,5.0397,1.047,4.438
O3a,BNS,1.12,5.0397,5.278,2.047,8.328
O3a,BNS,1.12,5.278,5.5277,3.234,13.359
O3a,BNS,1.12,5.5277,5.7891,4.703,21.672
O3a,BNS,1.12,5.7891,6.0629,8.156,31.859
O3a,BNS,1.12,6.0629,6.3496,13.156,47.172
O3a,BNS,1.12,6.3496,6.6499,19.969,66.094
O3a,BNS,1.12,6.6499,6.9644,30.422,93.609
O3a,BNS,1.12,6.9644,7.2938,44.359,120.938
O3a,BNS,1.12,7.2938,7.6387,67.859,151.031
O3a,BNS,1.12,7.6387,8.0,93.312,176.016
O3a,BNS,1.12,8.0,8.3784,129.641,196.859
O3a,BNS,1.12,8.3784,8.7746,172.219,208.891
O3a,BNS,1.12,8.7746,9.1896,213.953,210.359
O3a,BNS,1.12,9.1896,9.6242,261.391,193.734
O3a,BNS,1.12,9.6242,10.0794,300.422,166.094
O3a,BNS,1.12,10.0794,10.5561,331.406,133.047
O3a,BNS,1.12,10.5561,11.0553,344.469,100.578
O3a,BNS,1.12,11.0553,11.5782,342.328,72.25
O3a,BNS,1.12,11.5782,12.1257,325.875,51.344
O3a,BNS,1.12,12.1257,12.6992,302.391,36.5
O3a,BNS,1.12,12.6992,13.2998,273.484,23.922
O3a,BNS,1.12,13.2998,13.9288,245.312,17.375
O3a,BNS,1.12,13.9288,14.5876,220.25,13.172
O3a,BNS,1.12,14.5876,15.2775,195.891,10.812
O3a,BNS,1.12,15.2775,16.0,171.828,9.125
O3a,BNS,1.12,16.0,16.7567,149.125,7.406
O3a,BNS,1.12,16.7567,17.5492,127.203,5.812
O3a,BNS,1.12,17.5492,18.3792,112.328,3.656
O3a,BNS,1.12,18.3792,19.2484,99.891,1.797
O3a,BNS,1.12,19.2484,20.1587,88.484,1.203
O3a,BNS,1.12,20.1587,21.1121,77.219,0.625
O3a,BNS,1.12,21.1121,22.1106,74.375,0.891
O3a,BNS,1.12,22.1106,23.1563,68.766,0.891
O3a,BNS,1.12,23.1563,24.2515,56.797,0.484
O3a,BNS,1.12,24.2515,25.3984,45.109,0.125
O3a,BNS,1.12,25.3984,26.5996,38.953,0.0
O3a,BNS,1.12,26.5996,27.8576,36.391,0.0
O3a,BNS,1.12,27.8576,29.1751,30.531,0.0
O3a,BNS,1.12,29.1751,30.5549,29.125,0.0
O3a,BNS,1.12,30.5549,32.0,23.641,0.0
O3a,NSBH,2.2,4.0,4.1892,0.766,3.141
O3a,NSBH,2.2,4.1892,4.3873,1.172,4.969
O3a,NSBH,2.2,4.3873,4.5948,1.516,8.344
O3a,NSBH,2.2,4.5948,4.8121,2.891,12.438
O3a,NSBH,2.2,4.8121,5.0397,4.047,20.188
O3a,NSBH,2.2,5.0397,5.278,7.391,33.781
O3a,NSBH,2.2,5.278,5.5277,12.766,51.719
O3a,NSBH,2.2,5.5277,5.7891,19.062,82.953
O3a,NSBH,2.2,5.7891,6.0629,30.438,129.203
O3a,NSBH,2.2,6.0629,6.3496,47.938,184.234
O3a,NSBH,2.2,6.3496,6.6499,76.375,268.516
O3a,NSBH,2.2,6.6499,6.9644,116.297,367.469
O3a,NSBH,2.2,6.9644,7.2938,177.812,485.672
O3a,NSBH,2.2,7.2938,7.6387,260.328,607.438
O3a,NSBH,2.2,7.6387,8.0,364.672,720.219
O3a,NSBH,2.2,8.0,8.3784,503.297,808.953
O3a,NSBH,2.2,8.3784,8.7746,663.312,851.812
O3a,NSBH,2.2,8.7746,9.1896,835.688,851.094
O3a,NSBH,2.2,9.1896,9.6242,1019.75,788.906
O3a,NSBH,2.2,9.6242,10.0794,1178.344,673.5
O3a,NSBH,2.2,10.0794,10.5561,1273.844,536.031
O3a,NSBH,2.2,10.5561,11.0553,1321.891,397.844
O3a,NSBH,2.2,11.0553,11.5782,1306.609,276.844
O3a,NSBH,2.2,11.5782,12.1257,1233.562,181.172
O3a,NSBH,2.2,12.1257,12.6992,1125.844,115.109
O3a,NSBH,2.2,12.6992,13.2998,1015.938,71.609
O3a,NSBH,2.2,13.2998,13.9288,910.188,48.5
O3a,NSBH,2.2,13.9288,14.5876,812.781,30.641
O3a,NSBH,2.2,14.5876,15.2775,722.578,20.812
O3a,NSBH,2.2,15.2775,16.0,630.625,13.391
O3a,NSBH,2.2,16.0,16.7567,542.875,7.328
O3a,NSBH,2.2,16.7567,17.5492,464.969,3.188
O3a,NSBH,2.2,17.5492,18.3792,400.75,1.453
O3a,NSBH,2.2,18.3792,19.2484,336.266,1.516
O3a,NSBH,2.2,19.2484,20.1587,292.031,1.562
O3a,NSBH,2.2,20.1587,21.1121,261.0,1.062
O3a,NSBH,2.2,21.1121,22.1106,228.141,0.891
O3a,NSBH,2.2,22.1106,23.1563,205.156,0.875
O3a,NSBH,2.2,23.1563,24.2515,178.609,0.812
O3a,NSBH,2.2,24.2515,25.3984,144.641,0.562
O3a,NSBH,2.2,25.3984,26.5996,121.5,0.156
O3a,NSBH,2.2,26.5996,27.8576,107.156,0.0
O3a,NSBH,2.2,27.8576,29.1751,94.594,0.0
O3a,NSBH,2.2,29.1751,30.5549,79.484,0.0
O3a,NSBH,2.2,30.5549,32.0,69.156,0.0
O3a,BBH,20.0,4.0,4.1892,0.828,2.625
O3a,BBH,20.0,4.1892,4.3873,1.109,4.297
O3a,BBH,20.0,4.3873,4.5948,1.844,6.859
O3a,BBH,20.0,4.5948,4.8121,2.516,11.172
O3a,BBH,20.0,4.8121,5.0397,4.438,17.281
O3a,BBH,20.0,5.0397,5.278,7.297,26.469
O3a,BBH,20.0,5.278,5.5277,10.844,40.688
O3a,BBH,20.0,5.5277,5.7891,17.141,60.922
O3a,BBH,20.0,5.7891,6.0629,26.75,87.281
O3a,BBH,20.0,6.0629,6.3496,41.719,123.797
O3a,BBH,20.0,6.3496,6.6499,63.0,169.047
O3a,BBH,20.0,6.6499,6.9644,90.469,217.125
O3a,BBH,20.0,6.9644,7.2938,124.312,260.016
O3a,BBH,20.0,7.2938,7.6387,170.766,298.688
O3a,BBH,20.0,7.6387,8.0,218.5,316.688
O3a,BBH,20.0,8.0,8.3784,273.172,319.781
O3a,BBH,20.0,8.3784,8.7746,333.375,304.016
O3a,BBH,20.0,8.7746,9.1896,392.016,268.125
O3a,BBH,20.0,9.1896,9.6242,437.641,216.344
O3a,BBH,20.0,9.6242,10.0794,470.391,163.062
O3a,BBH,20.0,10.0794,10.5561,478.484,115.344
O3a,BBH,20.0,10.5561,11.0553,482.969,73.562
O3a,BBH,20.0,11.0553,11.5782,465.219,46.562
O3a,BBH,20.0,11.5782,12.1257,426.672,25.453
O3a,BBH,20.0,12.1257,12.6992,384.266,13.719
O3a,BBH,20.0,12.6992,13.2998,333.453,8.156
O3a,BBH,20.0,13.2998,13.9288,297.953,4.484
O3a,BBH,20.0,13.9288,14.5876,257.562,2.688
O3a,BBH,20.0,14.5876,15.2775,233.75,1.984
O3a,BBH,20.0,15.2775,16.0,210.203,1.203
O3a,BBH,20.0,16.0,16.7567,183.156,0.812
O3a,BBH,20.0,16.7567,17.5492,155.719,0.484
O3a,BBH,20.0,17.5492,18.3792,130.688,0.5
O3a,BBH,20.0,18.3792,19.2484,115.031,0.781
O3a,BBH,20.0,19.2484,20.1587,103.0,0.578
O3a,BBH,20.0,20.1587,21.1121,96.562,0.172
O3a,BBH,20.0,21.1121,22.1106,87.281,0.062
O3a,BBH,20.0,22.1106,23.1563,78.031,0.0
O3a,BBH,20.0,23.1563,24.2515,71.266,0.0
O3a,BBH,20.0,24.2515,25.3984,58.094,0.0
O3a,BBH,20.0,25.3984,26.5996,47.766,0.0
O3a,BBH,20.0,26.5996,27.8576,45.328,0.0
O3a,BBH,20.0,27.8576,29.1751,41.75,0.0
O3a,BBH,20.0,29.1751,30.5549,34.656,0.0
O3a,BBH,20.0,30.5549,32.0,31.656,0.0
O3b,BNS,1.12,4.0,4.1892,0.281,1.031
O3b,BNS,1.12,4.1892,4.3873,0.516,1.75
O3b,BNS,1.12,4.3873,4.5948,0.656,2.656
O3b,BNS,1.12,4.5948,4.8121,1.203,3.5
O3b,BNS,1.12,4.8121,5.0397,1.578,6.359
O3b,BNS,1.12,5.0397,5.278,2.516,9.266
O3b,BNS,1.12,5.278,5.5277,4.344,13.984
O3b,BNS,1.12,5.5277,5.7891,6.953,20.719
O3b,BNS,1.12,5.7891,6.0629,11.125,32.359
O3b,BNS,1.12,6.0629,6.3496,17.094,46.109
O3b,BNS,1.12,6.3496,6.6499,25.641,63.938
O3b,BNS,1.12,6.6499,6.9644,40.156,86.719
O3b,BNS,1.12,6.9644,7.2938,57.0,110.828
O3b,BNS,1.12,7.2938,7.6387,79.25,134.469
O3b,BNS,1.12,7.6387,8.0,106.734,157.281
O3b,BNS,1.12,8.0,8.3784,142.125,172.172
O3b,BNS,1.12,8.3784,8.7746,183.078,173.219
O3b,BNS,1.12,8.7746,9.1896,229.141,164.047
O3b,BNS,1.12,9.1896,9.6242,268.734,151.484
O3b,BNS,1.12,9.6242,10.0794,303.219,124.516
O3b,BNS,1.12,10.0794,10.5561,331.234,96.047
O3b,BNS,1.12,10.5561,11.0553,328.078,65.922
O3b,BNS,1.12,11.0553,11.5782,314.578,46.516
O3b,BNS,1.12,11.5782,12.1257,294.781,30.438
O3b,BNS,1.12,12.1257,12.6992,269.453,18.625
O3b,BNS,1.12,12.6992,13.2998,244.219,11.5
O3b,BNS,1.12,13.2998,13.9288,217.594,9.016
O3b,BNS,1.12,13.9288,14.5876,185.391,7.297
O3b,BNS,1.12,14.5876,15.2775,157.094,6.672
O3b,BNS,1.12,15.2775,16.0,137.906,6.641
O3b,BNS,1.12,16.0,16.7567,126.531,5.25
O3b,BNS,1.12,16.7567,17.5492,113.234,3.094
O3b,BNS,1.12,17.5492,18.3792,95.453,2.188
O3b,BNS,1.12,18.3792,19.2484,82.484,1.344
O3b,BNS,1.12,19.2484,20.1587,64.781,1.188
O3b,BNS,1.12,20.1587,21.1121,57.312,0.688
O3b,BNS,1.12,21.1121,22.1106,50.844,0.531
O3b,BNS,1.12,22.1106,23.1563,50.016,0.297
O3b,BNS,1.12,23.1563,24.2515,42.5,0.594
O3b,BNS,1.12,24.2515,25.3984,37.125,0.578
O3b,BNS,1.12,25.3984,26.5996,30.938,0.234
O3b,BNS,1.12,26.5996,27.8576,29.609,0.141
O3b,BNS,1.12,27.8576,29.1751,26.562,0.016
O3b,BNS,1.12,29.1751,30.5549,22.203,0.0
O3b,BNS,1.12,30.5549,32.0,17.156,0.0
O3b,NSBH,2.2,4.0,4.1892,1.078,3.219
O3b,NSBH,2.2,4.1892,4.3873,1.141,4.375
O3b,NSBH,2.2,4.3873,4.5948,2.219,7.969
O3b,NSBH,2.2,4.5948,4.8121,2.719,13.469
O3b,NSBH,2.2,4.8121,5.0397,5.141,20.625
O3b,NSBH,2.2,5.0397,5.278,7.859,33.891
O3b,NSBH,2.2,5.278,5.5277,13.266,54.984
O3b,NSBH,2.2,5.5277,5.7891,20.641,85.141
O3b,NSBH,2.2,5.7891,6.0629,32.656,131.75
O3b,NSBH,2.2,6.0629,6.3496,52.375,185.312
O3b,NSBH,2.2,6.3496,6.6499,80.734,263.906
O3b,NSBH,2.2,6.6499,6.9644,124.469,357.859
O3b,NSBH,2.2,6.9644,7.2938,181.094,463.625
O3b,NSBH,2.2,7.2938,7.6387,261.297,567.766
O3b,NSBH,2.2,7.6387,8.0,363.75,665.594
O3b,NSBH,2.2,8.0,8.3784,490.984,724.484
O3b,NSBH,2.2,8.3784,8.7746,628.938,746.359
O3b,NSBH,2.2,8.7746,9.1896,784.25,719.547
O3b,NSBH,2.2,9.1896,9.6242,935.0,660.562
O3b,NSBH,2.2,9.6242,10.0794,1049.0,545.375
O3b,NSBH,2.2,10.0794,10.5561,1137.984,428.469
O3b,NSBH,2.2,10.5561,11.0553,1168.797,302.344
O3b,NSBH,2.2,11.0553,11.5782,1151.0,201.469
O3b,NSBH,2.2,11.5782,12.1257,1075.0,125.703
O3b,NSBH,2.2,12.1257,12.6992,997.922,76.281
O3b,NSBH,2.2,12.6992,13.2998,894.219,45.328
O3b,NSBH,2.2,13.2998,13.9288,782.203,27.891
O3b,NSBH,2.2,13.9288,14.5876,686.922,18.109
O3b,NSBH,2.2,14.5876,15.2775,605.328,13.328
O3b,NSBH,2.2,15.2775,16.0,528.969,8.109
O3b,NSBH,2.2,16.0,16.7567,465.703,5.062
O3b,NSBH,2.2,16.7567,17.5492,404.328,2.812
O3b,NSBH,2.2,17.5492,18.3792,349.812,1.828
O3b,NSBH,2.2,18.3792,19.2484,308.422,1.062
O3b,NSBH,2.2,19.2484,20.1587,269.625,0.859
O3b,NSBH,2.2,20.1587,21.1121,221.969,0.688
O3b,NSBH,2.2,21.1121,22.1106,191.047,0.594
O3b,NSBH,2.2,22.1106,23.1563,160.453,0.531
O3b,NSBH,2.2,23.1563,24.2515,147.031,0.031
O3b,NSBH,2.2,24.2515,25.3984,133.703,0.031
O3b,NSBH,2.2,25.3984,26.5996,117.438,0.0
O3b,NSBH,2.2,26.5996,27.8576,106.375,0.0
O3b,NSBH,2.2,27.8576,29.1751,93.609,0.0
O3b,NSBH,2.2,29.1751,30.5549,75.406,0.0
O3b,NSBH,2.2,30.5549,32.0,64.438,0.0
O3b,BBH,20.0,4.0,4.1892,0.906,2.688
O3b,BBH,20.0,4.1892,4.3873,1.375,4.016
O3b,BBH,20.0,4.3873,4.5948,2.141,5.734
O3b,BBH,20.0,4.5948,4.8121,3.219,9.859
O3b,BBH,20.0,4.8121,5.0397,5.031,15.438
O3b,BBH,20.0,5.0397,5.278,7.656,23.719
O3b,BBH,20.0,5.278,5.5277,12.047,39.234
O3b,BBH,20.0,5.5277,5.7891,18.359,55.703
O3b,BBH,20.0,5.7891,6.0629,28.906,83.406
O3b,BBH,20.0,6.0629,6.3496,42.562,115.109
O3b,BBH,20.0,6.3496,6.6499,63.266,156.266
O3b,BBH,20.0,6.6499,6.9644,91.531,194.734
O3b,BBH,20.0,6.9644,7.2938,125.891,235.734
O3b,BBH,20.0,7.2938,7.6387,166.75,263.281
O3b,BBH,20.0,7.6387,8.0,214.875,280.109
O3b,BBH,20.0,8.0,8.3784,271.062,277.641
O3b,BBH,20.0,8.3784,8.7746,318.078,260.516
O3b,BBH,20.0,8.7746,9.1896,371.5,227.062
O3b,BBH,20.0,9.1896,9.6242,401.562,177.0
O3b,BBH,20.0,9.6242,10.0794,421.297,131.531
O3b,BBH,20.0,10.0794,10.5561,434.0,85.75
O3b,BBH,20.0,10.5561,11.0553,418.469,55.328
O3b,BBH,20.0,11.0553,11.5782,387.703,29.531
O3b,BBH,20.0,11.5782,12.1257,360.938,15.188
O3b,BBH,20.0,12.1257,12.6992,321.609,7.203
O3b,BBH,20.0,12.6992,13.2998,285.109,3.391
O3b,BBH,20.0,13.2998,13.9288,251.688,1.703
O3b,BBH,20.0,13.9288,14.5876,217.594,0.812
O3b,BBH,20.0,14.5876,15.2775,194.125,0.328
O3b,BBH,20.0,15.2775,16.0,175.469,0.156
O3b,BBH,20.0,16.0,16.7567,160.109,0.234
O3b,BBH,20.0,16.7567,17.5492,142.969,0.156
O3b,BBH,20.0,17.5492,18.3792,128.203,0.266
O3b,BBH,20.0,18.3792,19.2484,113.047,0.281
O3b,BBH,20.0,19.2484,20.1587,94.406,0.125
O3b,BBH,20.0,20.1587,21.1121,81.078,0.0
O3b,BBH,20.0,21.1121,22.1106,76.594,0.0
O3b,BBH,20.0,22.1106,23.1563,72.266,0.0
O3b,BBH,20.0,23.1563,24.2515,60.719,0.0
O3b,BBH,20.0,24.2515,25.3984,49.281,0.0
O3b,BBH,20.0,25.3984,26.5996,38.141,0.0
O3b,BBH,20.0,26.5996,27.8576,34.078,0.0
O3b,BBH,20.0,27.8576,29.1751,31.812,0.0
O3b,BBH,20.0,29.1751,30.5549,26.359,0.0
O3b,BBH,20.0,30.5549,32.0,24.297,0.0
O4a,BNS,1.12,4.0,4.1892,0.0,0.016
O4a,BNS,1.12,4.1892,4.3873,0.0,0.0
O4a,BNS,1.12,4.3873,4.5948,0.0,0.0
O4a,BNS,1.12,4.5948,4.8121,0.0,0.0
O4a,BNS,1.12,4.8121,5.0397,0.0,0.047
O4a,BNS,1.12,5.0397,5.278,0.0,0.031
O4a,BNS,1.12,5.278,5.5277,0.016,0.094
O4a,BNS,1.12,5.5277,5.7891,0.031,0.156
O4a,BNS,1.12,5.7891,6.0629,0.031,0.172
O4a,BNS,1.12,6.0629,6.3496,0.047,0.359
O4a,BNS,1.12,6.3496,6.6499,0.062,0.531
O4a,BNS,1.12,6.6499,6.9644,0.094,0.906
O4a,BNS,1.12,6.9644,7.2938,0.203,1.328
O4a,BNS,1.12,7.2938,7.6387,0.359,1.703
O4a,BNS,1.12,7.6387,8.0,0.75,2.781
O4a,BNS,1.12,8.0,8.3784,1.328,4.234
O4a,BNS,1.12,8.3784,8.7746,2.047,6.203
O4a,BNS,1.12,8.7746,9.1896,3.344,9.281
O4a,BNS,1.12,9.1896,9.6242,4.516,11.422
O4a,BNS,1.12,9.6242,10.0794,6.969,14.125
O4a,BNS,1.12,10.0794,10.5561,9.109,15.391
O4a,BNS,1.12,10.5561,11.0553,13.516,16.688
O4a,BNS,1.12,11.0553,11.5782,18.438,16.141
O4a,BNS,1.12,11.5782,12.1257,23.219,14.25
O4a,BNS,1.12,12.1257,12.6992,27.953,12.312
O4a,BNS,1.12,12.6992,13.2998,30.609,9.453
O4a,BNS,1.12,13.2998,13.9288,32.594,6.984
O4a,BNS,1.12,13.9288,14.5876,31.609,4.125
O4a,BNS,1.12,14.5876,15.2775,28.844,2.281
O4a,BNS,1.12,15.2775,16.0,26.094,1.312
O4a,BNS,1.12,16.0,16.7567,24.031,1.219
O4a,BNS,1.12,16.7567,17.5492,22.219,1.469
O4a,BNS,1.12,17.5492,18.3792,19.797,1.672
O4a,BNS,1.12,18.3792,19.2484,18.469,0.922
O4a,BNS,1.12,19.2484,20.1587,14.484,0.438
O4a,BNS,1.12,20.1587,21.1121,13.094,0.219
O4a,BNS,1.12,21.1121,22.1106,11.281,0.359
O4a,BNS,1.12,22.1106,23.1563,9.75,0.297
O4a,BNS,1.12,23.1563,24.2515,8.797,0.078
O4a,BNS,1.12,24.2515,25.3984,7.781,0.0
O4a,BNS,1.12,25.3984,26.5996,6.609,0.0
O4a,BNS,1.12,26.5996,27.8576,4.844,0.0
O4a,BNS,1.12,27.8576,29.1751,5.75,0.0
O4a,BNS,1.12,29.1751,30.5549,4.562,0.0
O4a,BNS,1.12,30.5549,32.0,3.516,0.0
O4a,NSBH,2.2,4.0,4.1892,0.0,0.156
O4a,NSBH,2.2,4.1892,4.3873,0.0,0.453
O4a,NSBH,2.2,4.3873,4.5948,0.0,0.641
O4a,NSBH,2.2,4.5948,4.8121,0.0,0.781
O4a,NSBH,2.2,4.8121,5.0397,0.0,1.219
O4a,NSBH,2.2,5.0397,5.278,0.031,1.594
O4a,NSBH,2.2,5.278,5.5277,0.047,2.359
O4a,NSBH,2.2,5.5277,5.7891,0.156,3.672
O4a,NSBH,2.2,5.7891,6.0629,0.109,5.562
O4a,NSBH,2.2,6.0629,6.3496,0.469,7.281
O4a,NSBH,2.2,6.3496,6.6499,0.828,12.219
O4a,NSBH,2.2,6.6499,6.9644,1.266,16.891
O4a,NSBH,2.2,6.9644,7.2938,2.312,24.391
O4a,NSBH,2.2,7.2938,7.6387,4.141,33.547
O4a,NSBH,2.2,7.6387,8.0,6.391,47.375
O4a,NSBH,2.2,8.0,8.3784,11.438,63.422
O4a,NSBH,2.2,8.3784,8.7746,18.672,81.875
O4a,NSBH,2.2,8.7746,9.1896,28.703,100.938
O4a,NSBH,2.2,9.1896,9.6242,44.984,118.391
O4a,NSBH,2.2,9.6242,10.0794,65.328,132.844
O4a,NSBH,2.2,10.0794,10.5561,85.469,134.484
O4a,NSBH,2.2,10.5561,11.0553,115.5,131.562
O4a,NSBH,2.2,11.0553,11.5782,141.859,119.516
O4a,NSBH,2.2,11.5782,12.1257,165.531,99.109
O4a,NSBH,2.2,12.1257,12.6992,175.016,70.5
O4a,NSBH,2.2,12.6992,13.2998,177.156,44.531
O4a,NSBH,2.2,13.2998,13.9288,174.734,24.859
O4a,NSBH,2.2,13.9288,14.5876,165.594,12.438
O4a,NSBH,2.2,14.5876,15.2775,150.047,5.656
O4a,NSBH,2.2,15.2775,16.0,132.859,2.297
O4a,NSBH,2.2,16.0,16.7567,110.984,1.047
O4a,NSBH,2.2,16.7567,17.5492,95.266,0.297
O4a,NSBH,2.2,17.5492,18.3792,85.172,0.109
O4a,NSBH,2.2,18.3792,19.2484,77.328,0.0
O4a,NSBH,2.2,19.2484,20.1587,68.547,0.0
O4a,NSBH,2.2,20.1587,21.1121,57.516,0.0
O4a,NSBH,2.2,21.1121,22.1106,45.656,0.0
O4a,NSBH,2.2,22.1106,23.1563,38.797,0.0
O4a,NSBH,2.2,23.1563,24.2515,32.203,0.0
O4a,NSBH,2.2,24.2515,25.3984,26.172,0.0
O4a,NSBH,2.2,25.3984,26.5996,24.5,0.0
O4a,NSBH,2.2,26.5996,27.8576,21.078,0.0
O4a,NSBH,2.2,27.8576,29.1751,16.844,0.0
O4a,NSBH,2.2,29.1751,30.5549,15.172,0.0
O4a,NSBH,2.2,30.5549,32.0,14.562,0.0
O4a,BBH,20.0,4.0,4.1892,1.281,45.984
O4a,BBH,20.0,4.1892,4.3873,2.0,67.594
O4a,BBH,20.0,4.3873,4.5948,3.719,97.875
O4a,BBH,20.0,4.5948,4.8121,5.656,140.703
O4a,BBH,20.0,4.8121,5.0397,8.656,200.25
O4a,BBH,20.0,5.0397,5.278,15.438,281.109
O4a,BBH,20.0,5.278,5.5277,23.875,387.156
O4a,BBH,20.0,5.5277,5.7891,37.891,534.172
O4a,BBH,20.0,5.7891,6.0629,62.844,722.562
O4a,BBH,20.0,6.0629,6.3496,94.766,960.266
O4a,BBH,20.0,6.3496,6.6499,148.516,1242.156
O4a,BBH,20.0,6.6499,6.9644,227.656,1574.562
O4a,BBH,20.0,6.9644,7.2938,337.406,1956.844
O4a,BBH,20.0,7.2938,7.6387,502.562,2350.891
O4a,BBH,20.0,7.6387,8.0,725.578,2774.688
O4a,BBH,20.0,8.0,8.3784,1027.891,3115.703
O4a,BBH,20.0,8.3784,8.7746,1403.281,3367.812
O4a,BBH,20.0,8.7746,9.1896,1869.812,3492.719
O4a,BBH,20.0,9.1896,9.6242,2425.844,3410.922
O4a,BBH,20.0,9.6242,10.0794,2981.891,3126.094
O4a,BBH,20.0,10.0794,10.5561,3529.734,2704.188
O4a,BBH,20.0,10.5561,11.0553,3963.5,2152.891
O4a,BBH,20.0,11.0553,11.5782,4307.75,1579.844
O4a,BBH,20.0,11.5782,12.1257,4440.906,1050.344
O4a,BBH,20.0,12.1257,12.6992,4415.719,628.516
O4a,BBH,20.0,12.6992,13.2998,4264.359,342.891
O4a,BBH,20.0,13.2998,13.9288,3981.469,167.562
O4a,BBH,20.0,13.9288,14.5876,3662.703,73.953
O4a,BBH,20.0,14.5876,15.2775,3324.906,33.359
O4a,BBH,20.0,15.2775,16.0,2979.141,12.766
O4a,BBH,20.0,16.0,16.7567,2664.0,5.672
O4a,BBH,20.0,16.7567,17.5492,2382.5,2.062
O4a,BBH,20.0,17.5492,18.3792,2140.922,0.812
O4a,BBH,20.0,18.3792,19.2484,1949.781,0.266
O4a,BBH,20.0,19.2484,20.1587,1747.359,0.203
O4a,BBH,20.0,20.1587,21.1121,1574.031,0.375
O4a,BBH,20.0,21.1121,22.1106,1412.281,0.219
O4a,BBH,20.0,22.1106,23.1563,1253.5,0.094
O4a,BBH,20.0,23.1563,24.2515,1107.219,0.0
O4a,BBH,20.0,24.2515,25.3984,987.188,0.0
O4a,BBH,20.0,25.3984,26.5996,878.891,0.0
O4a,BBH,20.0,26.5996,27.8576,779.188,0.0
O4a,BBH,20.0,27.8576,29.1751,692.297,0.0
O4a,BBH,20.0,29.1751,30.5549,614.969,0.0
O4a,BBH,20.0,30.5549,32.0,531.891,0.0
O4b,BNS,1.12,4.0,4.1892,0.0,0.0
O4b,BNS,1.12,4.1892,4.3873,0.0,0.0
O4b,BNS,1.12,4.3873,4.5948,0.0,0.0
O4b,BNS,1.12,4.5948,4.8121,0.0,0.016
O4b,BNS,1.12,4.8121,5.0397,0.0,0.0
O4b,BNS,1.12,5.0397,5.278,0.0,0.0
O4b,BNS,1.12,5.278,5.5277,0.0,0.031
O4b,BNS,1.12,5.5277,5.7891,0.0,0.078
O4b,BNS,1.12,5.7891,6.0629,0.0,0.109
O4b,BNS,1.12,6.0629,6.3496,0.0,0.25
O4b,BNS,1.12,6.3496,6.6499,0.0,0.422
O4b,BNS,1.12,6.6499,6.9644,0.062,0.703
O4b,BNS,1.12,6.9644,7.2938,0.094,1.203
O4b,BNS,1.12,7.2938,7.6387,0.219,1.828
O4b,BNS,1.12,7.6387,8.0,0.312,2.875
O4b,BNS,1.12,8.0,8.3784,0.781,4.484
O4b,BNS,1.12,8.3784,8.7746,1.484,6.25
O4b,BNS,1.12,8.7746,9.1896,2.672,8.578
O4b,BNS,1.12,9.1896,9.6242,4.266,12.484
O4b,BNS,1.12,9.6242,10.0794,6.406,15.266
O4b,BNS,1.12,10.0794,10.5561,9.453,18.422
O4b,BNS,1.12,10.5561,11.0553,12.328,19.469
O4b,BNS,1.12,11.0553,11.5782,17.719,19.422
O4b,BNS,1.12,11.5782,12.1257,22.25,18.047
O4b,BNS,1.12,12.1257,12.6992,25.828,16.719
O4b,BNS,1.12,12.6992,13.2998,29.922,11.781
O4b,BNS,1.12,13.2998,13.9288,29.297,8.25
O4b,BNS,1.12,13.9288,14.5876,31.969,5.422
O4b,BNS,1.12,14.5876,15.2775,30.297,3.078
O4b,BNS,1.12,15.2775,16.0,28.047,1.391
O4b,BNS,1.12,16.0,16.7567,26.938,0.766
O4b,BNS,1.12,16.7567,17.5492,26.516,0.688
O4b,BNS,1.12,17.5492,18.3792,25.734,0.516
O4b,BNS,1.12,18.3792,19.2484,21.438,0.609
O4b,BNS,1.12,19.2484,20.1587,17.469,0.641
O4b,BNS,1.12,20.1587,21.1121,14.562,0.703
O4b,BNS,1.12,21.1121,22.1106,12.734,0.516
O4b,BNS,1.12,22.1106,23.1563,12.156,0.422
O4b,BNS,1.12,23.1563,24.2515,12.141,0.422
O4b,BNS,1.12,24.2515,25.3984,11.922,0.141
O4b,BNS,1.12,25.3984,26.5996,9.141,0.0
O4b,BNS,1.12,26.5996,27.8576,5.266,0.0
O4b,BNS,1.12,27.8576,29.1751,5.0,0.0
O4b,BNS,1.12,29.1751,30.5549,5.203,0.0
O4b,BNS,1.12,30.5549,32.0,4.062,0.0
O4b,NSBH,2.2,4.0,4.1892,0.0,0.188
O4b,NSBH,2.2,4.1892,4.3873,0.016,0.156
O4b,NSBH,2.2,4.3873,4.5948,0.016,0.422
O4b,NSBH,2.2,4.5948,4.8121,0.0,0.516
O4b,NSBH,2.2,4.8121,5.0397,0.0,1.062
O4b,NSBH,2.2,5.0397,5.278,0.031,1.406
O4b,NSBH,2.2,5.278,5.5277,0.062,2.594
O4b,NSBH,2.2,5.5277,5.7891,0.188,3.703
O4b,NSBH,2.2,5.7891,6.0629,0.344,5.469
O4b,NSBH,2.2,6.0629,6.3496,0.625,7.922
O4b,NSBH,2.2,6.3496,6.6499,1.031,11.234
O4b,NSBH,2.2,6.6499,6.9644,1.734,16.594
O4b,NSBH,2.2,6.9644,7.2938,2.688,23.703
O4b,NSBH,2.2,7.2938,7.6387,5.078,33.734
O4b,NSBH,2.2,7.6387,8.0,8.109,46.453
O4b,NSBH,2.2,8.0,8.3784,12.297,62.25
O4b,NSBH,2.2,8.3784,8.7746,20.469,83.031
O4b,NSBH,2.2,8.7746,9.1896,32.188,103.344
O4b,NSBH,2.2,9.1896,9.6242,46.719,125.5
O4b,NSBH,2.2,9.6242,10.0794,65.875,140.641
O4b,NSBH,2.2,10.0794,10.5561,90.984,147.766
O4b,NSBH,2.2,10.5561,11.0553,116.281,150.047
O4b,NSBH,2.2,11.0553,11.5782,143.812,136.516
O4b,NSBH,2.2,11.5782,12.1257,170.172,111.625
O4b,NSBH,2.2,12.1257,12.6992,187.75,83.969
O4b,NSBH,2.2,12.6992,13.2998,188.297,55.766
O4b,NSBH,2.2,13.2998,13.9288,190.031,31.75
O4b,NSBH,2.2,13.9288,14.5876,175.219,16.312
O4b,NSBH,2.2,14.5876,15.2775,160.234,8.281
O4b,NSBH,2.2,15.2775,16.0,145.0,2.797
O4b,NSBH,2.2,16.0,16.7567,122.312,0.625
O4b,NSBH,2.2,16.7567,17.5492,101.953,0.188
O4b,NSBH,2.2,17.5492,18.3792,82.906,0.0
O4b,NSBH,2.2,18.3792,19.2484,70.75,0.0
O4b,NSBH,2.2,19.2484,20.1587,63.266,0.0
O4b,NSBH,2.2,20.1587,21.1121,57.984,0.0
O4b,NSBH,2.2,21.1121,22.1106,50.625,0.0
O4b,NSBH,2.2,22.1106,23.1563,43.75,0.0
O4b,NSBH,2.2,23.1563,24.2515,33.516,0.0
O4b,NSBH,2.2,24.2515,25.3984,28.359,0.0
O4b,NSBH,2.2,25.3984,26.5996,23.562,0.0
O4b,NSBH,2.2,26.5996,27.8576,18.109,0.0
O4b,NSBH,2.2,27.8576,29.1751,14.984,0.0
O4b,NSBH,2.2,29.1751,30.5549,12.453,0.0
O4b,NSBH,2.2,30.5549,32.0,9.484,0.0
O4b,BBH,20.0,4.0,4.1892,1.391,42.406
O4b,BBH,20.0,4.1892,4.3873,1.984,61.641
O4b,BBH,20.0,4.3873,4.5948,2.922,90.0
O4b,BBH,20.0,4.5948,4.8121,4.938,132.203
O4b,BBH,20.0,4.8121,5.0397,8.609,188.391
O4b,BBH,20.0,5.0397,5.278,13.016,267.031
O4b,BBH,20.0,5.278,5.5277,21.359,378.047
O4b,BBH,20.0,5.5277,5.7891,34.734,519.797
O4b,BBH,20.0,5.7891,6.0629,56.109,710.375
O4b,BBH,20.0,6.0629,6.3496,86.25,957.719
O4b,BBH,20.0,6.3496,6.6499,136.781,1251.609
O4b,BBH,20.0,6.6499,6.9644,210.281,1598.578
O4b,BBH,20.0,6.9644,7.2938,321.234,2002.266
O4b,BBH,20.0,7.2938,7.6387,477.109,2423.438
O4b,BBH,20.0,7.6387,8.0,692.047,2846.938
O4b,BBH,20.0,8.0,8.3784,985.25,3216.375
O4b,BBH,20.0,8.3784,8.7746,1369.141,3522.438
O4b,BBH,20.0,8.7746,9.1896,1826.141,3639.891
O4b,BBH,20.0,9.1896,9.6242,2368.219,3603.891
O4b,BBH,20.0,9.6242,10.0794,2932.828,3380.078
O4b,BBH,20.0,10.0794,10.5561,3488.016,2949.25
O4b,BBH,20.0,10.5561,11.0553,3974.984,2416.859
O4b,BBH,20.0,11.0553,11.5782,4322.578,1820.594
O4b,BBH,20.0,11.5782,12.1257,4511.484,1270.125
O4b,BBH,20.0,12.1257,12.6992,4513.219,799.406
O4b,BBH,20.0,12.6992,13.2998,4386.844,453.234
O4b,BBH,20.0,13.2998,13.9288,4121.172,237.547
O4b,BBH,20.0,13.9288,14.5876,3803.875,113.438
O4b,BBH,20.0,14.5876,15.2775,3471.141,51.906
O4b,BBH,20.0,15.2775,16.0,3121.656,22.281
O4b,BBH,20.0,16.0,16.7567,2806.047,11.312
O4b,BBH,20.0,16.7567,17.5492,2482.203,6.062
O4b,BBH,20.0,17.5492,18.3792,2210.703,3.094
O4b,BBH,20.0,18.3792,19.2484,1971.719,1.781
O4b,BBH,20.0,19.2484,20.1587,1780.781,0.812
O4b,BBH,20.0,20.1587,21.1121,1630.75,0.484
O4b,BBH,20.0,21.1121,22.1106,1445.219,0.109
O4b,BBH,20.0,22.1106,23.1563,1275.906,0.031
O4b,BBH,20.0,23.1563,24.2515,1138.078,0.0
O4b,BBH,20.0,24.2515,25.3984,1021.047,0.0
O4b,BBH,20.0,25.3984,26.5996,899.828,0.0
O4b,BBH,20.0,26.5996,27.8576,799.422,0.0
O4b,BBH,20.0,27.8576,29.1751,716.984,0.0
O4b,BBH,20.0,29.1751,30.5549,640.109,0.0
O4b,BBH,20.0,30.5549,32.0,555.906,0.0
