# SNRs: optimal SNRs scaled to o4b_{h1,l1,v1}_ref.txt of ../../data/asd
# command: SNRFAR_OUT=outputs/offset_0 python measure.py --runs O4a O4b --reference ../../data/asd --peak-offset 0
# injections: mixture-semi_o1_o2-real_o3_o4a_o4b-cartesian_spins_20260410130052UTC-clipped.hdf, doi:10.5281/zenodo.19500052
# commit: bb36b41
run,source_class,chirp_mass_min,chirp_mass_max,n_injections,n_found,rho_eq,error,found_below,missed_above
O4a,BNS,0.85,1.12,199,137,12.203,0.335,0.1588,0.1588
O4a,BNS,1.12,1.4,610,451,10.702,0.145,0.1328,0.1328
O4a,BNS,1.4,1.75,1219,857,10.7,0.087,0.1455,0.1455
O4a,BNS,1.75,2.2,1363,907,10.319,0.074,0.1519,0.1519
O4a,BNS,2.2,4.0,127,65,10.15,0.163,0.2567,0.2567
O4a,NSBH,1.4,1.75,234,182,10.654,0.177,0.0972,0.0972
O4a,NSBH,1.75,2.2,1578,1133,10.421,0.071,0.1199,0.1199
O4a,NSBH,2.2,4.0,3789,2486,10.257,0.046,0.1591,0.1591
O4a,NSBH,4.0,7.0,81,49,10.743,0.373,0.2156,0.2156
O4a,BBH,2.2,4.0,7300,5120,10.231,0.033,0.1344,0.1344
O4a,BBH,4.0,7.0,7802,5334,10.109,0.033,0.1446,0.1446
O4a,BBH,7.0,12.0,12548,8531,10.012,0.026,0.1386,0.1386
O4a,BBH,12.0,20.0,35384,23926,9.586,0.015,0.1401,0.1401
O4a,BBH,20.0,35.0,114399,75681,9.141,0.008,0.1395,0.1395
O4a,BBH,35.0,60.0,241176,152121,9.068,0.006,0.1498,0.1498
O4a,BBH,60.0,120.0,282088,164434,9.094,0.006,0.1882,0.1882
O4a,BBH,120.0,300.0,36063,17780,9.041,0.014,0.2469,0.2469
O4b,BNS,0.85,1.12,260,171,11.718,0.284,0.1864,0.1864
O4b,BNS,1.12,1.4,673,491,10.399,0.123,0.1302,0.1302
O4b,BNS,1.4,1.75,1323,919,10.068,0.069,0.1469,0.1469
O4b,BNS,1.75,2.2,1444,965,9.884,0.066,0.1578,0.1578
O4b,BNS,2.2,4.0,149,81,9.613,0.15,0.1968,0.1968
O4b,NSBH,1.4,1.75,296,215,10.439,0.184,0.1253,0.1253
O4b,NSBH,1.75,2.2,1646,1165,10.001,0.067,0.1295,0.1295
O4b,NSBH,2.2,4.0,3992,2576,9.827,0.04,0.171,0.171
O4b,NSBH,4.0,7.0,79,47,10.258,0.299,0.2314,0.2314
O4b,BBH,2.2,4.0,7935,5514,9.76,0.028,0.1414,0.1414
O4b,BBH,4.0,7.0,8667,5747,9.599,0.027,0.1538,0.1538
O4b,BBH,7.0,12.0,13206,8946,9.504,0.022,0.1453,0.1453
O4b,BBH,12.0,20.0,37095,24704,9.215,0.014,0.142,0.142
O4b,BBH,20.0,35.0,118131,77044,8.802,0.007,0.145,0.145
O4b,BBH,35.0,60.0,246828,157699,8.681,0.006,0.1511,0.1511
O4b,BBH,60.0,120.0,293594,173984,8.654,0.006,0.1902,0.1902
O4b,BBH,120.0,300.0,40229,20409,8.455,0.012,0.2519,0.2519
