# SNRs: optimal SNRs of the release, monthly reference PSDs
# command: SNRFAR_OUT=outputs/month_hl_release python measure.py --runs O4a O4b
# injections: mixture-semi_o1_o2-real_o3_o4a_o4b-cartesian_spins_20260410130052UTC-clipped.hdf, doi:10.5281/zenodo.19500052
# commit: bb36b41
run,source_class,chirp_mass_min,snr_min,snr_max,found,missed
O4a,BNS,1.12,4.0,4.1892,0.0,0.0
O4a,BNS,1.12,4.1892,4.3873,0.0,0.0
O4a,BNS,1.12,4.3873,4.5948,0.0,0.0
O4a,BNS,1.12,4.5948,4.8121,0.0,0.0
O4a,BNS,1.12,4.8121,5.0397,0.0,0.0
O4a,BNS,1.12,5.0397,5.278,0.0,0.062
O4a,BNS,1.12,5.278,5.5277,0.0,0.062
O4a,BNS,1.12,5.5277,5.7891,0.062,0.125
O4a,BNS,1.12,5.7891,6.0629,0.0,0.312
O4a,BNS,1.12,6.0629,6.3496,0.125,0.375
O4a,BNS,1.12,6.3496,6.6499,0.0,0.812
O4a,BNS,1.12,6.6499,6.9644,0.188,0.688
O4a,BNS,1.12,6.9644,7.2938,0.312,1.312
O4a,BNS,1.12,7.2938,7.6387,0.562,1.562
O4a,BNS,1.12,7.6387,8.0,0.688,3.25
O4a,BNS,1.12,8.0,8.3784,0.875,3.875
O4a,BNS,1.12,8.3784,8.7746,2.625,6.375
O4a,BNS,1.12,8.7746,9.1896,3.0,8.625
O4a,BNS,1.12,9.1896,9.6242,4.562,11.875
O4a,BNS,1.12,9.6242,10.0794,7.5,14.188
O4a,BNS,1.12,10.0794,10.5561,8.312,16.188
O4a,BNS,1.12,10.5561,11.0553,14.125,15.875
O4a,BNS,1.12,11.0553,11.5782,18.188,15.125
O4a,BNS,1.12,11.5782,12.1257,23.5,16.125
O4a,BNS,1.12,12.1257,12.6992,25.688,12.5
O4a,BNS,1.12,12.6992,13.2998,30.375,8.562
O4a,BNS,1.12,13.2998,13.9288,34.875,6.438
O4a,BNS,1.12,13.9288,14.5876,31.0,3.25
O4a,BNS,1.12,14.5876,15.2775,29.312,2.75
O4a,BNS,1.12,15.2775,16.0,27.875,1.812
O4a,BNS,1.12,16.0,16.7567,24.312,1.688
O4a,BNS,1.12,16.7567,17.5492,18.875,1.75
O4a,BNS,1.12,17.5492,18.3792,19.75,1.5
O4a,BNS,1.12,18.3792,19.2484,18.0,0.625
O4a,BNS,1.12,19.2484,20.1587,14.938,0.312
O4a,BNS,1.12,20.1587,21.1121,13.688,0.375
O4a,BNS,1.12,21.1121,22.1106,11.688,0.25
O4a,BNS,1.12,22.1106,23.1563,10.562,0.25
O4a,BNS,1.12,23.1563,24.2515,8.25,0.125
O4a,BNS,1.12,24.2515,25.3984,7.188,0.0
O4a,BNS,1.12,25.3984,26.5996,7.0,0.0
O4a,BNS,1.12,26.5996,27.8576,5.125,0.0
O4a,BNS,1.12,27.8576,29.1751,5.438,0.0
O4a,BNS,1.12,29.1751,30.5549,5.438,0.0
O4a,BNS,1.12,30.5549,32.0,2.938,0.0
O4a,NSBH,2.2,4.0,4.1892,0.0,0.25
O4a,NSBH,2.2,4.1892,4.3873,0.0,0.438
O4a,NSBH,2.2,4.3873,4.5948,0.0,0.625
O4a,NSBH,2.2,4.5948,4.8121,0.0,0.625
O4a,NSBH,2.2,4.8121,5.0397,0.0,1.5
O4a,NSBH,2.2,5.0397,5.278,0.0,1.062
O4a,NSBH,2.2,5.278,5.5277,0.188,2.562
O4a,NSBH,2.2,5.5277,5.7891,0.125,3.375
O4a,NSBH,2.2,5.7891,6.0629,0.125,5.625
O4a,NSBH,2.2,6.0629,6.3496,0.5,8.688
O4a,NSBH,2.2,6.3496,6.6499,0.75,13.062
O4a,NSBH,2.2,6.6499,6.9644,1.062,15.375
O4a,NSBH,2.2,6.9644,7.2938,2.5,23.688
O4a,NSBH,2.2,7.2938,7.6387,4.312,33.25
O4a,NSBH,2.2,7.6387,8.0,7.062,48.75
O4a,NSBH,2.2,8.0,8.3784,10.188,64.812
O4a,NSBH,2.2,8.3784,8.7746,17.125,77.625
O4a,NSBH,2.2,8.7746,9.1896,31.75,98.938
O4a,NSBH,2.2,9.1896,9.6242,44.125,116.438
O4a,NSBH,2.2,9.6242,10.0794,59.688,134.562
O4a,NSBH,2.2,10.0794,10.5561,92.938,136.562
O4a,NSBH,2.2,10.5561,11.0553,117.438,131.688
O4a,NSBH,2.2,11.0553,11.5782,138.875,122.812
O4a,NSBH,2.2,11.5782,12.1257,161.188,97.75
O4a,NSBH,2.2,12.1257,12.6992,171.062,73.375
O4a,NSBH,2.2,12.6992,13.2998,176.0,41.188
O4a,NSBH,2.2,13.2998,13.9288,174.5,26.062
O4a,NSBH,2.2,13.9288,14.5876,173.5,11.75
O4a,NSBH,2.2,14.5876,15.2775,148.438,5.938
O4a,NSBH,2.2,15.2775,16.0,134.25,2.625
O4a,NSBH,2.2,16.0,16.7567,112.75,1.062
O4a,NSBH,2.2,16.7567,17.5492,95.5,0.25
O4a,NSBH,2.2,17.5492,18.3792,82.188,0.125
O4a,NSBH,2.2,18.3792,19.2484,78.75,0.0
O4a,NSBH,2.2,19.2484,20.1587,68.438,0.0
O4a,NSBH,2.2,20.1587,21.1121,57.0,0.0
O4a,NSBH,2.2,21.1121,22.1106,45.188,0.0
O4a,NSBH,2.2,22.1106,23.1563,40.562,0.0
O4a,NSBH,2.2,23.1563,24.2515,30.312,0.0
O4a,NSBH,2.2,24.2515,25.3984,27.188,0.0
O4a,NSBH,2.2,25.3984,26.5996,25.312,0.0
O4a,NSBH,2.2,26.5996,27.8576,21.875,0.0
O4a,NSBH,2.2,27.8576,29.1751,15.812,0.0
O4a,NSBH,2.2,29.1751,30.5549,14.875,0.0
O4a,NSBH,2.2,30.5549,32.0,14.188,0.0
O4a,BBH,20.0,4.0,4.1892,1.688,44.75
O4a,BBH,20.0,4.1892,4.3873,1.875,67.5
O4a,BBH,20.0,4.3873,4.5948,3.125,95.625
O4a,BBH,20.0,4.5948,4.8121,5.312,135.688
O4a,BBH,20.0,4.8121,5.0397,8.625,204.25
O4a,BBH,20.0,5.0397,5.278,14.625,283.562
O4a,BBH,20.0,5.278,5.5277,23.0,392.375
O4a,BBH,20.0,5.5277,5.7891,37.812,539.188
O4a,BBH,20.0,5.7891,6.0629,64.375,727.875
O4a,BBH,20.0,6.0629,6.3496,99.688,954.125
O4a,BBH,20.0,6.3496,6.6499,147.938,1246.438
O4a,BBH,20.0,6.6499,6.9644,229.812,1556.938
O4a,BBH,20.0,6.9644,7.2938,339.312,1959.875
O4a,BBH,20.0,7.2938,7.6387,504.688,2387.188
O4a,BBH,20.0,7.6387,8.0,723.75,2734.125
O4a,BBH,20.0,8.0,8.3784,1018.625,3107.812
O4a,BBH,20.0,8.3784,8.7746,1406.0,3394.625
O4a,BBH,20.0,8.7746,9.1896,1881.625,3486.625
O4a,BBH,20.0,9.1896,9.6242,2426.5,3428.312
O4a,BBH,20.0,9.6242,10.0794,2966.062,3138.5
O4a,BBH,20.0,10.0794,10.5561,3516.812,2695.312
O4a,BBH,20.0,10.5561,11.0553,4000.125,2156.875
O4a,BBH,20.0,11.0553,11.5782,4300.812,1555.812
O4a,BBH,20.0,11.5782,12.1257,4454.312,1040.312
O4a,BBH,20.0,12.1257,12.6992,4381.625,634.938
O4a,BBH,20.0,12.6992,13.2998,4243.125,340.5
O4a,BBH,20.0,13.2998,13.9288,4002.938,164.938
O4a,BBH,20.0,13.9288,14.5876,3657.0,79.625
O4a,BBH,20.0,14.5876,15.2775,3319.125,31.812
O4a,BBH,20.0,15.2775,16.0,3001.25,15.062
O4a,BBH,20.0,16.0,16.7567,2675.312,4.875
O4a,BBH,20.0,16.7567,17.5492,2368.0,1.938
O4a,BBH,20.0,17.5492,18.3792,2140.812,0.625
O4a,BBH,20.0,18.3792,19.2484,1933.25,0.25
O4a,BBH,20.0,19.2484,20.1587,1742.75,0.312
O4a,BBH,20.0,20.1587,21.1121,1581.625,0.375
O4a,BBH,20.0,21.1121,22.1106,1421.812,0.125
O4a,BBH,20.0,22.1106,23.1563,1242.562,0.062
O4a,BBH,20.0,23.1563,24.2515,1116.688,0.0
O4a,BBH,20.0,24.2515,25.3984,989.438,0.0
O4a,BBH,20.0,25.3984,26.5996,889.75,0.0
O4a,BBH,20.0,26.5996,27.8576,774.25,0.0
O4a,BBH,20.0,27.8576,29.1751,692.938,0.0
O4a,BBH,20.0,29.1751,30.5549,613.5,0.0
O4a,BBH,20.0,30.5549,32.0,527.5,0.0
O4b,BNS,1.12,4.0,4.1892,0.0,0.0
O4b,BNS,1.12,4.1892,4.3873,0.0,0.0
O4b,BNS,1.12,4.3873,4.5948,0.0,0.0
O4b,BNS,1.12,4.5948,4.8121,0.0,0.0
O4b,BNS,1.12,4.8121,5.0397,0.0,0.0
O4b,BNS,1.12,5.0397,5.278,0.0,0.062
O4b,BNS,1.12,5.278,5.5277,0.0,0.125
O4b,BNS,1.12,5.5277,5.7891,0.0,0.062
O4b,BNS,1.12,5.7891,6.0629,0.0,0.062
O4b,BNS,1.12,6.0629,6.3496,0.0,0.125
O4b,BNS,1.12,6.3496,6.6499,0.062,0.562
O4b,BNS,1.12,6.6499,6.9644,0.0,0.688
O4b,BNS,1.12,6.9644,7.2938,0.125,0.875
O4b,BNS,1.12,7.2938,7.6387,0.25,2.438
O4b,BNS,1.12,7.6387,8.0,0.625,2.562
O4b,BNS,1.12,8.0,8.3784,0.5,4.562
O4b,BNS,1.12,8.3784,8.7746,1.062,6.438
O4b,BNS,1.12,8.7746,9.1896,2.688,7.812
O4b,BNS,1.12,9.1896,9.6242,5.312,12.688
O4b,BNS,1.12,9.6242,10.0794,5.188,17.312
O4b,BNS,1.12,10.0794,10.5561,9.562,19.062
O4b,BNS,1.12,10.5561,11.0553,12.188,19.75
O4b,BNS,1.12,11.0553,11.5782,16.688,18.0
O4b,BNS,1.12,11.5782,12.1257,21.625,18.188
O4b,BNS,1.12,12.1257,12.6992,27.438,14.562
O4b,BNS,1.12,12.6992,13.2998,29.562,10.938
O4b,BNS,1.12,13.2998,13.9288,30.938,9.75
O4b,BNS,1.12,13.9288,14.5876,30.812,5.812
O4b,BNS,1.12,14.5876,15.2775,29.938,2.562
O4b,BNS,1.12,15.2775,16.0,28.438,1.75
O4b,BNS,1.12,16.0,16.7567,26.812,0.812
O4b,BNS,1.12,16.7567,17.5492,28.125,0.5
O4b,BNS,1.12,17.5492,18.3792,25.125,0.688
O4b,BNS,1.12,18.3792,19.2484,20.5,0.562
O4b,BNS,1.12,19.2484,20.1587,17.312,0.375
O4b,BNS,1.12,20.1587,21.1121,15.062,0.625
O4b,BNS,1.12,21.1121,22.1106,13.438,0.812
O4b,BNS,1.12,22.1106,23.1563,12.062,0.5
O4b,BNS,1.12,23.1563,24.2515,11.688,0.188
O4b,BNS,1.12,24.2515,25.3984,12.25,0.188
O4b,BNS,1.12,25.3984,26.5996,9.438,0.0
O4b,BNS,1.12,26.5996,27.8576,4.5,0.0
O4b,BNS,1.12,27.8576,29.1751,4.312,0.0
O4b,BNS,1.12,29.1751,30.5549,5.5,0.0
O4b,BNS,1.12,30.5549,32.0,4.5,0.0
O4b,NSBH,2.2,4.0,4.1892,0.0,0.375
O4b,NSBH,2.2,4.1892,4.3873,0.0,0.25
O4b,NSBH,2.2,4.3873,4.5948,0.0,0.5
O4b,NSBH,2.2,4.5948,4.8121,0.0,0.938
O4b,NSBH,2.2,4.8121,5.0397,0.0,1.125
O4b,NSBH,2.2,5.0397,5.278,0.188,1.062
O4b,NSBH,2.2,5.278,5.5277,0.188,2.062
O4b,NSBH,2.2,5.5277,5.7891,0.375,4.25
O4b,NSBH,2.2,5.7891,6.0629,0.188,4.0
O4b,NSBH,2.2,6.0629,6.3496,0.688,8.875
O4b,NSBH,2.2,6.3496,6.6499,0.938,11.438
O4b,NSBH,2.2,6.6499,6.9644,1.438,16.25
O4b,NSBH,2.2,6.9644,7.2938,3.0,23.875
O4b,NSBH,2.2,7.2938,7.6387,4.25,30.562
O4b,NSBH,2.2,7.6387,8.0,8.562,46.688
O4b,NSBH,2.2,8.0,8.3784,14.062,65.312
O4b,NSBH,2.2,8.3784,8.7746,22.625,84.188
O4b,NSBH,2.2,8.7746,9.1896,30.312,106.938
O4b,NSBH,2.2,9.1896,9.6242,47.125,123.188
O4b,NSBH,2.2,9.6242,10.0794,63.25,139.375
O4b,NSBH,2.2,10.0794,10.5561,92.812,150.562
O4b,NSBH,2.2,10.5561,11.0553,117.188,139.688
O4b,NSBH,2.2,11.0553,11.5782,146.812,139.188
O4b,NSBH,2.2,11.5782,12.1257,172.125,113.062
O4b,NSBH,2.2,12.1257,12.6992,187.125,84.188
O4b,NSBH,2.2,12.6992,13.2998,187.75,56.562
O4b,NSBH,2.2,13.2998,13.9288,186.812,31.312
O4b,NSBH,2.2,13.9288,14.5876,171.812,18.062
O4b,NSBH,2.2,14.5876,15.2775,160.438,7.938
O4b,NSBH,2.2,15.2775,16.0,143.75,2.938
O4b,NSBH,2.2,16.0,16.7567,122.188,0.812
O4b,NSBH,2.2,16.7567,17.5492,101.75,0.125
O4b,NSBH,2.2,17.5492,18.3792,86.5,0.062
O4b,NSBH,2.2,18.3792,19.2484,71.688,0.0
O4b,NSBH,2.2,19.2484,20.1587,60.375,0.0
O4b,NSBH,2.2,20.1587,21.1121,56.812,0.0
O4b,NSBH,2.2,21.1121,22.1106,53.188,0.0
O4b,NSBH,2.2,22.1106,23.1563,41.25,0.0
O4b,NSBH,2.2,23.1563,24.2515,34.938,0.0
O4b,NSBH,2.2,24.2515,25.3984,28.812,0.0
O4b,NSBH,2.2,25.3984,26.5996,23.188,0.0
O4b,NSBH,2.2,26.5996,27.8576,18.188,0.0
O4b,NSBH,2.2,27.8576,29.1751,14.875,0.0
O4b,NSBH,2.2,29.1751,30.5549,12.0,0.0
O4b,NSBH,2.2,30.5549,32.0,10.188,0.0
O4b,BBH,20.0,4.0,4.1892,1.125,42.375
O4b,BBH,20.0,4.1892,4.3873,1.562,61.75
O4b,BBH,20.0,4.3873,4.5948,3.75,91.562
O4b,BBH,20.0,4.5948,4.8121,4.812,122.438
O4b,BBH,20.0,4.8121,5.0397,9.5,192.0
O4b,BBH,20.0,5.0397,5.278,13.812,269.938
O4b,BBH,20.0,5.278,5.5277,20.75,375.062
O4b,BBH,20.0,5.5277,5.7891,36.188,519.25
O4b,BBH,20.0,5.7891,6.0629,54.75,716.938
O4b,BBH,20.0,6.0629,6.3496,87.312,938.188
O4b,BBH,20.0,6.3496,6.6499,137.875,1249.75
O4b,BBH,20.0,6.6499,6.9644,210.438,1592.375
O4b,BBH,20.0,6.9644,7.2938,317.25,2004.938
O4b,BBH,20.0,7.2938,7.6387,477.812,2426.125
O4b,BBH,20.0,7.6387,8.0,704.625,2846.5
O4b,BBH,20.0,8.0,8.3784,987.5,3241.562
O4b,BBH,20.0,8.3784,8.7746,1351.75,3499.188
O4b,BBH,20.0,8.7746,9.1896,1827.625,3651.688
O4b,BBH,20.0,9.1896,9.6242,2352.25,3615.938
O4b,BBH,20.0,9.6242,10.0794,2931.562,3365.938
O4b,BBH,20.0,10.0794,10.5561,3482.25,2952.812
O4b,BBH,20.0,10.5561,11.0553,3972.562,2406.312
O4b,BBH,20.0,11.0553,11.5782,4347.75,1824.0
O4b,BBH,20.0,11.5782,12.1257,4520.0,1262.875
O4b,BBH,20.0,12.1257,12.6992,4520.25,799.688
O4b,BBH,20.0,12.6992,13.2998,4369.688,462.812
O4b,BBH,20.0,13.2998,13.9288,4128.312,244.062
O4b,BBH,20.0,13.9288,14.5876,3803.438,114.812
O4b,BBH,20.0,14.5876,15.2775,3478.125,49.875
O4b,BBH,20.0,15.2775,16.0,3122.875,22.875
O4b,BBH,20.0,16.0,16.7567,2790.375,11.75
O4b,BBH,20.0,16.7567,17.5492,2485.875,6.5
O4b,BBH,20.0,17.5492,18.3792,2187.312,3.562
O4b,BBH,20.0,18.3792,19.2484,1992.25,1.688
O4b,BBH,20.0,19.2484,20.1587,1784.125,0.75
O4b,BBH,20.0,20.1587,21.1121,1619.625,0.438
O4b,BBH,20.0,21.1121,22.1106,1447.062,0.062
O4b,BBH,20.0,22.1106,23.1563,1283.875,0.125
O4b,BBH,20.0,23.1563,24.2515,1135.562,0.0
O4b,BBH,20.0,24.2515,25.3984,1024.75,0.0
O4b,BBH,20.0,25.3984,26.5996,903.375,0.0
O4b,BBH,20.0,26.5996,27.8576,801.25,0.0
O4b,BBH,20.0,27.8576,29.1751,698.125,0.0
O4b,BBH,20.0,29.1751,30.5549,649.812,0.0
O4b,BBH,20.0,30.5549,32.0,558.062,0.0
