run,source_class,chirp_mass_min,chirp_mass_max,n_injections,n_found,rho_eq,error,found_below,missed_above
O3a,BNS,0.85,1.12,1002,744,9.208,0.088,0.1377,0.1377
O3a,BNS,1.12,1.4,7559,5336,9.227,0.031,0.1557,0.1557
O3a,BNS,1.4,1.75,19212,13503,9.098,0.02,0.161,0.161
O3a,BNS,1.75,2.2,20435,13910,9.108,0.017,0.1675,0.1675
O3a,BNS,2.2,4.0,1473,790,8.944,0.049,0.2546,0.2546
O3a,NSBH,1.4,1.75,1255,907,9.374,0.077,0.1551,0.1551
O3a,NSBH,1.75,2.2,6487,4576,9.266,0.032,0.1528,0.1528
O3a,NSBH,2.2,4.0,28433,19727,9.194,0.016,0.1606,0.1606
O3a,NSBH,4.0,7.0,9982,6652,9.365,0.03,0.1763,0.1763
O3a,NSBH,7.0,12.0,1040,688,9.16,0.09,0.1981,0.1981
O3a,BBH,2.2,4.0,1949,1349,9.185,0.05,0.1547,0.1547
O3a,BBH,4.0,7.0,3456,2386,9.077,0.043,0.1556,0.1556
O3a,BBH,7.0,12.0,4647,3223,8.906,0.039,0.1503,0.1503
O3a,BBH,12.0,20.0,6510,4515,8.71,0.029,0.1542,0.1542
O3a,BBH,20.0,35.0,10987,7757,8.48,0.025,0.1495,0.1495
O3a,BBH,35.0,60.0,14179,10064,8.511,0.024,0.1614,0.1614
O3a,BBH,60.0,120.0,18219,12127,8.965,0.023,0.1789,0.1789
O3a,BBH,120.0,300.0,1966,968,9.406,0.066,0.2884,0.2884
O3b,BNS,0.85,1.12,859,638,9.116,0.092,0.1395,0.1395
O3b,BNS,1.12,1.4,6751,4950,8.854,0.031,0.1467,0.1467
O3b,BNS,1.4,1.75,16914,12073,8.866,0.018,0.156,0.156
O3b,BNS,1.75,2.2,18227,12616,8.932,0.02,0.1596,0.1596
O3b,BNS,2.2,4.0,1317,724,8.783,0.059,0.261,0.261
O3b,NSBH,1.4,1.75,1092,781,9.171,0.089,0.1499,0.1499
O3b,NSBH,1.75,2.2,5762,4174,9.07,0.033,0.1409,0.1409
O3b,NSBH,2.2,4.0,25198,17628,9.02,0.016,0.1557,0.1557
O3b,NSBH,4.0,7.0,9021,5994,9.234,0.031,0.1821,0.1821
O3b,NSBH,7.0,12.0,894,587,9.1,0.1,0.2013,0.2013
O3b,BBH,2.2,4.0,1709,1192,9.04,0.053,0.1457,0.1457
O3b,BBH,4.0,7.0,2962,2063,8.923,0.047,0.1505,0.1505
O3b,BBH,7.0,12.0,4152,2905,8.81,0.037,0.1486,0.1486
O3b,BBH,12.0,20.0,6017,4166,8.636,0.031,0.1547,0.1547
O3b,BBH,20.0,35.0,9738,6970,8.324,0.025,0.1481,0.1481
O3b,BBH,35.0,60.0,13083,9407,8.325,0.024,0.1579,0.1579
O3b,BBH,60.0,120.0,17142,11653,8.664,0.021,0.1733,0.1733
O3b,BBH,120.0,300.0,2152,1122,9.086,0.065,0.2906,0.2906
O4a,BNS,0.85,1.12,199,137,13.146,0.373,0.1551,0.1551
O4a,BNS,1.12,1.4,610,451,11.503,0.133,0.13,0.13
O4a,BNS,1.4,1.75,1219,857,11.477,0.083,0.1433,0.1433
O4a,BNS,1.75,2.2,1363,907,11.104,0.072,0.1473,0.1473
O4a,BNS,2.2,4.0,127,65,10.97,0.22,0.2365,0.2365
O4a,NSBH,1.4,1.75,234,182,11.365,0.148,0.0883,0.0883
O4a,NSBH,1.75,2.2,1578,1133,11.228,0.077,0.1174,0.1174
O4a,NSBH,2.2,4.0,3789,2486,11.036,0.042,0.1527,0.1527
O4a,NSBH,4.0,7.0,81,49,11.649,0.389,0.2219,0.2219
O4a,BBH,2.2,4.0,7300,5120,11.028,0.033,0.1309,0.1309
O4a,BBH,4.0,7.0,7802,5334,10.896,0.029,0.1394,0.1394
O4a,BBH,7.0,12.0,12548,8531,10.774,0.025,0.1352,0.1352
O4a,BBH,12.0,20.0,35384,23926,10.324,0.015,0.1362,0.1362
O4a,BBH,20.0,35.0,114399,75681,9.845,0.009,0.1363,0.1363
O4a,BBH,35.0,60.0,241176,152121,9.752,0.006,0.1473,0.1473
O4a,BBH,60.0,120.0,282088,164434,9.782,0.006,0.1839,0.1839
O4a,BBH,120.0,300.0,36063,17780,9.753,0.015,0.2401,0.2401
O4b,BNS,0.85,1.12,260,171,13.328,0.327,0.1849,0.1849
O4b,BNS,1.12,1.4,673,491,11.731,0.135,0.1296,0.1296
O4b,BNS,1.4,1.75,1323,919,11.444,0.081,0.1472,0.1472
O4b,BNS,1.75,2.2,1444,965,11.207,0.069,0.1536,0.1536
O4b,BNS,2.2,4.0,149,81,10.848,0.192,0.1836,0.1836
O4b,NSBH,1.4,1.75,296,215,11.796,0.178,0.1212,0.1212
O4b,NSBH,1.75,2.2,1646,1165,11.351,0.071,0.1231,0.1231
O4b,NSBH,2.2,4.0,3992,2576,11.135,0.041,0.1655,0.1655
O4b,NSBH,4.0,7.0,79,47,11.756,0.302,0.2114,0.2114
O4b,BBH,2.2,4.0,7935,5514,11.059,0.033,0.1377,0.1377
O4b,BBH,4.0,7.0,8667,5747,10.893,0.029,0.1495,0.1495
O4b,BBH,7.0,12.0,13206,8946,10.773,0.027,0.1415,0.1415
O4b,BBH,12.0,20.0,37095,24704,10.444,0.016,0.1383,0.1383
O4b,BBH,20.0,35.0,118131,77044,9.98,0.009,0.1411,0.1411
O4b,BBH,35.0,60.0,246828,157699,9.844,0.006,0.1469,0.1469
O4b,BBH,60.0,120.0,293594,173984,9.81,0.006,0.1858,0.1858
O4b,BBH,120.0,300.0,40229,20409,9.576,0.014,0.2465,0.2465
