run,source_class,chirp_mass_min,chirp_mass_max,group,variant,rho_eq,n_found
O3a,BNS,1.12,1.4,search,GstLAL,10.636,3923
O3a,BNS,1.12,1.4,search,MBTA,9.97,4565
O3a,BNS,1.12,1.4,search,PyCBC,9.913,4625
O3a,BNS,1.12,1.4,far,0.01,10.072,4459
O3a,BNS,1.12,1.4,far,0.1,9.683,4860
O3a,BNS,1.12,1.4,far,0.25,9.496,5052
O3a,BNS,1.12,1.4,far,10,8.62,5948
O3a,BNS,1.12,1.4,network,H1L1,8.984,1144
O3a,BNS,1.12,1.4,network,H1L1V1,9.037,3624
O3a,BNS,1.12,1.4,network,H1V1,9.408,166
O3a,BNS,1.12,1.4,network,L1,13.854,38
O3a,BNS,1.12,1.4,network,L1V1,10.589,340
O3a,BNS,1.12,1.4,month,2019-04,9.255,749
O3a,BNS,1.12,1.4,month,2019-05,9.245,944
O3a,BNS,1.12,1.4,month,2019-06,9.195,870
O3a,BNS,1.12,1.4,month,2019-07,9.149,828
O3a,BNS,1.12,1.4,month,2019-08,9.24,968
O3a,BNS,1.12,1.4,month,2019-09,9.272,948
O3a,BNS,1.12,1.4,dominant,H1,8.999,807
O3a,BNS,1.12,1.4,dominant,L1,9.03,3961
O3a,BNS,1.12,1.4,chirp mass,1.12-1.26,9.289,1787
O3a,BNS,1.12,1.4,chirp mass,1.26-1.34,9.187,1807
O3a,BNS,1.12,1.4,chirp mass,1.34-1.40,9.205,1742
O3a,BNS,1.12,1.4,redshift,0.002-0.027,9.689,2169
O3a,BNS,1.12,1.4,redshift,0.027-0.042,9.359,1837
O3a,BNS,1.12,1.4,redshift,0.042-0.103,8.996,1330
O3a,BNS,1.12,1.4,noise,32 draws,9.229,5336
O3a,BNS,1.12,1.4,noise,no peak offset,9.082,5336
O3a,NSBH,2.2,4.0,search,GstLAL,10.049,16232
O3a,NSBH,2.2,4.0,search,MBTA,10.476,14574
O3a,NSBH,2.2,4.0,search,PyCBC,10.077,16119
O3a,NSBH,2.2,4.0,far,0.01,10.187,15682
O3a,NSBH,2.2,4.0,far,0.1,9.759,17399
O3a,NSBH,2.2,4.0,far,0.25,9.56,18220
O3a,NSBH,2.2,4.0,far,10,8.516,22445
O3a,NSBH,2.2,4.0,network,H1,11.14,120
O3a,NSBH,2.2,4.0,network,H1L1,9.058,4132
O3a,NSBH,2.2,4.0,network,H1L1V1,9.129,12882
O3a,NSBH,2.2,4.0,network,H1V1,9.136,595
O3a,NSBH,2.2,4.0,network,L1,10.539,305
O3a,NSBH,2.2,4.0,network,L1V1,9.617,1674
O3a,NSBH,2.2,4.0,month,2019-04,9.183,2761
O3a,NSBH,2.2,4.0,month,2019-05,9.21,3414
O3a,NSBH,2.2,4.0,month,2019-06,9.236,3159
O3a,NSBH,2.2,4.0,month,2019-07,9.092,3230
O3a,NSBH,2.2,4.0,month,2019-08,9.257,3461
O3a,NSBH,2.2,4.0,month,2019-09,9.18,3621
O3a,NSBH,2.2,4.0,month,2019-10,9.472,81
O3a,NSBH,2.2,4.0,dominant,H1,9.128,2413
O3a,NSBH,2.2,4.0,dominant,L1,9.11,14601
O3a,NSBH,2.2,4.0,chirp mass,2.20-2.60,9.183,6621
O3a,NSBH,2.2,4.0,chirp mass,2.60-3.12,9.162,6570
O3a,NSBH,2.2,4.0,chirp mass,3.12-4.00,9.235,6536
O3a,NSBH,2.2,4.0,redshift,0.002-0.051,9.66,8183
O3a,NSBH,2.2,4.0,redshift,0.051-0.078,9.359,6738
O3a,NSBH,2.2,4.0,redshift,0.078-0.209,8.938,4806
O3a,NSBH,2.2,4.0,noise,32 draws,9.197,19727
O3a,NSBH,2.2,4.0,noise,no peak offset,9.056,19727
O3a,BBH,20.0,35.0,search,GstLAL,9.124,6724
O3a,BBH,20.0,35.0,search,MBTA,10.837,4420
O3a,BBH,20.0,35.0,search,PyCBC,9.218,6579
O3a,BBH,20.0,35.0,search,cWB,12.107,3245
O3a,BBH,20.0,35.0,far,0.01,9.591,6024
O3a,BBH,20.0,35.0,far,0.1,9.065,6817
O3a,BBH,20.0,35.0,far,0.25,8.83,7193
O3a,BBH,20.0,35.0,far,10,7.821,8785
O3a,BBH,20.0,35.0,network,H1,8.884,57
O3a,BBH,20.0,35.0,network,H1L1,8.489,1575
O3a,BBH,20.0,35.0,network,H1L1V1,8.533,4974
O3a,BBH,20.0,35.0,network,H1V1,8.503,249
O3a,BBH,20.0,35.0,network,L1,8.781,144
O3a,BBH,20.0,35.0,network,L1V1,8.045,734
O3a,BBH,20.0,35.0,month,2019-04,8.362,1140
O3a,BBH,20.0,35.0,month,2019-05,8.547,1291
O3a,BBH,20.0,35.0,month,2019-06,8.555,1256
O3a,BBH,20.0,35.0,month,2019-07,8.484,1208
O3a,BBH,20.0,35.0,month,2019-08,8.46,1399
O3a,BBH,20.0,35.0,month,2019-09,8.462,1426
O3a,BBH,20.0,35.0,month,2019-10,8.184,37
O3a,BBH,20.0,35.0,dominant,H1,8.528,1132
O3a,BBH,20.0,35.0,dominant,L1,8.521,5417
O3a,BBH,20.0,35.0,chirp mass,20.00-24.72,8.548,2537
O3a,BBH,20.0,35.0,chirp mass,24.72-29.65,8.488,2538
O3a,BBH,20.0,35.0,chirp mass,29.65-35.00,8.4,2684
O3a,BBH,20.0,35.0,redshift,0.015-0.254,8.416,3228
O3a,BBH,20.0,35.0,redshift,0.254-0.380,8.59,2644
O3a,BBH,20.0,35.0,redshift,0.380-0.950,8.416,1887
O3a,BBH,20.0,35.0,noise,32 draws,8.478,7757
O3a,BBH,20.0,35.0,noise,no peak offset,8.336,7757
O3b,BNS,1.12,1.4,search,GstLAL,10.484,3415
O3b,BNS,1.12,1.4,search,MBTA,9.393,4443
O3b,BNS,1.12,1.4,search,PyCBC,9.494,4346
O3b,BNS,1.12,1.4,far,0.01,9.784,4066
O3b,BNS,1.12,1.4,far,0.1,9.338,4494
O3b,BNS,1.12,1.4,far,0.25,9.146,4682
O3b,BNS,1.12,1.4,far,10,8.274,5460
O3b,BNS,1.12,1.4,network,H1L1,8.626,1083
O3b,BNS,1.12,1.4,network,H1L1V1,8.761,3506
O3b,BNS,1.12,1.4,network,H1V1,8.775,142
O3b,BNS,1.12,1.4,network,L1V1,10.414,183
O3b,BNS,1.12,1.4,month,2019-11,9.08,846
O3b,BNS,1.12,1.4,month,2019-12,8.87,1064
O3b,BNS,1.12,1.4,month,2020-01,8.833,1025
O3b,BNS,1.12,1.4,month,2020-02,8.848,996
O3b,BNS,1.12,1.4,month,2020-03,8.66,1019
O3b,BNS,1.12,1.4,dominant,H1,8.635,782
O3b,BNS,1.12,1.4,dominant,L1,8.749,3807
O3b,BNS,1.12,1.4,chirp mass,1.12-1.26,8.974,1617
O3b,BNS,1.12,1.4,chirp mass,1.26-1.34,8.697,1688
O3b,BNS,1.12,1.4,chirp mass,1.34-1.40,8.889,1646
O3b,BNS,1.12,1.4,redshift,0.001-0.028,9.26,1959
O3b,BNS,1.12,1.4,redshift,0.028-0.044,8.95,1736
O3b,BNS,1.12,1.4,redshift,0.044-0.102,8.681,1256
O3b,BNS,1.12,1.4,noise,32 draws,8.845,4950
O3b,BNS,1.12,1.4,noise,no peak offset,8.711,4950
O3b,NSBH,2.2,4.0,search,GstLAL,10.014,14038
O3b,NSBH,2.2,4.0,search,MBTA,10.122,13669
O3b,NSBH,2.2,4.0,search,PyCBC,9.751,14964
O3b,NSBH,2.2,4.0,far,0.01,10.038,13957
O3b,NSBH,2.2,4.0,far,0.1,9.607,15484
O3b,NSBH,2.2,4.0,far,0.25,9.411,16198
O3b,NSBH,2.2,4.0,far,10,8.37,19946
O3b,NSBH,2.2,4.0,network,H1,10.133,136
O3b,NSBH,2.2,4.0,network,H1L1,8.876,3813
O3b,NSBH,2.2,4.0,network,H1L1V1,9.018,12010
O3b,NSBH,2.2,4.0,network,H1V1,8.723,626
O3b,NSBH,2.2,4.0,network,L1,11.384,132
O3b,NSBH,2.2,4.0,network,L1V1,9.483,891
O3b,NSBH,2.2,4.0,month,2019-11,9.197,3106
O3b,NSBH,2.2,4.0,month,2019-12,9.113,3597
O3b,NSBH,2.2,4.0,month,2020-01,8.98,3535
O3b,NSBH,2.2,4.0,month,2020-02,8.913,3793
O3b,NSBH,2.2,4.0,month,2020-03,8.937,3597
O3b,NSBH,2.2,4.0,dominant,H1,8.947,2416
O3b,NSBH,2.2,4.0,dominant,L1,8.992,13407
O3b,NSBH,2.2,4.0,chirp mass,2.20-2.60,8.999,5989
O3b,NSBH,2.2,4.0,chirp mass,2.60-3.13,9.002,5840
O3b,NSBH,2.2,4.0,chirp mass,3.13-4.00,9.057,5801
O3b,NSBH,2.2,4.0,redshift,0.001-0.052,9.334,7315
O3b,NSBH,2.2,4.0,redshift,0.052-0.080,9.15,6075
O3b,NSBH,2.2,4.0,redshift,0.080-0.219,8.84,4239
O3b,NSBH,2.2,4.0,noise,32 draws,9.023,17628
O3b,NSBH,2.2,4.0,noise,no peak offset,8.878,17628
O3b,BBH,20.0,35.0,search,GstLAL,9.032,5942
O3b,BBH,20.0,35.0,search,MBTA,10.657,3950
O3b,BBH,20.0,35.0,search,PyCBC,9.123,5817
O3b,BBH,20.0,35.0,search,cWB,11.903,2938
O3b,BBH,20.0,35.0,far,0.01,9.429,5392
O3b,BBH,20.0,35.0,far,0.1,8.923,6096
O3b,BBH,20.0,35.0,far,0.25,8.699,6424
O3b,BBH,20.0,35.0,far,10,7.68,7876
O3b,BBH,20.0,35.0,network,H1,7.844,52
O3b,BBH,20.0,35.0,network,H1L1,8.266,1469
O3b,BBH,20.0,35.0,network,H1L1V1,8.404,4649
O3b,BBH,20.0,35.0,network,H1V1,7.644,264
O3b,BBH,20.0,35.0,network,L1,7.67,80
O3b,BBH,20.0,35.0,network,L1V1,8.22,438
O3b,BBH,20.0,35.0,month,2019-11,8.498,1256
O3b,BBH,20.0,35.0,month,2019-12,8.45,1394
O3b,BBH,20.0,35.0,month,2020-01,8.221,1362
O3b,BBH,20.0,35.0,month,2020-02,8.168,1541
O3b,BBH,20.0,35.0,month,2020-03,8.333,1417
O3b,BBH,20.0,35.0,dominant,H1,8.351,1048
O3b,BBH,20.0,35.0,dominant,L1,8.374,5070
O3b,BBH,20.0,35.0,chirp mass,20.00-24.76,8.354,2298
O3b,BBH,20.0,35.0,chirp mass,24.76-29.66,8.225,2386
O3b,BBH,20.0,35.0,chirp mass,29.66-35.00,8.38,2286
O3b,BBH,20.0,35.0,redshift,0.012-0.260,8.124,2915
O3b,BBH,20.0,35.0,redshift,0.260-0.388,8.418,2387
O3b,BBH,20.0,35.0,redshift,0.388-0.911,8.32,1668
O3b,BBH,20.0,35.0,noise,32 draws,8.323,6970
O3b,BBH,20.0,35.0,noise,no peak offset,8.184,6970
O4a,BNS,1.12,1.4,search,GstLAL,13.787,297
O4a,BNS,1.12,1.4,search,MBTA,12.498,380
O4a,BNS,1.12,1.4,search,PyCBC,11.999,417
O4a,BNS,1.12,1.4,far,0.01,12.62,371
O4a,BNS,1.12,1.4,far,0.1,12.196,403
O4a,BNS,1.12,1.4,far,0.25,11.847,427
O4a,BNS,1.12,1.4,far,10,10.936,488
O4a,BNS,1.12,1.4,network,H1L1,11.347,380
O4a,BNS,1.12,1.4,network,L1,12.112,46
O4a,BNS,1.12,1.4,month,2023-06,11.553,74
O4a,BNS,1.12,1.4,month,2023-07,11.503,50
O4a,BNS,1.12,1.4,month,2023-08,11.813,49
O4a,BNS,1.12,1.4,month,2023-09,11.801,66
O4a,BNS,1.12,1.4,month,2023-10,11.745,59
O4a,BNS,1.12,1.4,month,2023-11,10.992,54
O4a,BNS,1.12,1.4,month,2023-12,11.277,50
O4a,BNS,1.12,1.4,dominant,H1,11.338,180
O4a,BNS,1.12,1.4,dominant,L1,11.364,200
O4a,BNS,1.12,1.4,chirp mass,1.12-1.24,11.871,153
O4a,BNS,1.12,1.4,chirp mass,1.24-1.33,11.466,148
O4a,BNS,1.12,1.4,chirp mass,1.33-1.40,11.208,152
O4a,BNS,1.12,1.4,redshift,0.004-0.031,12.126,181
O4a,BNS,1.12,1.4,redshift,0.031-0.046,11.802,153
O4a,BNS,1.12,1.4,redshift,0.046-0.143,11.151,118
O4a,BNS,1.12,1.4,noise,32 draws,11.537,451
O4a,BNS,1.12,1.4,noise,no peak offset,11.385,451
O4a,BNS,1.12,1.4,noise,duty cycle,10.271,451
O4a,NSBH,2.2,4.0,search,GstLAL,11.709,2149
O4a,NSBH,2.2,4.0,search,MBTA,11.885,2066
O4a,NSBH,2.2,4.0,search,PyCBC,11.418,2292
O4a,NSBH,2.2,4.0,search,cWB,36.39,52
O4a,NSBH,2.2,4.0,far,0.01,12.063,1984
O4a,NSBH,2.2,4.0,far,0.1,11.58,2214
O4a,NSBH,2.2,4.0,far,0.25,11.359,2321
O4a,NSBH,2.2,4.0,far,10,10.371,2818
O4a,NSBH,2.2,4.0,network,H1,11.718,148
O4a,NSBH,2.2,4.0,network,H1L1,10.943,2150
O4a,NSBH,2.2,4.0,network,L1,11.443,188
O4a,NSBH,2.2,4.0,month,2023-05,11.237,72
O4a,NSBH,2.2,4.0,month,2023-06,10.965,343
O4a,NSBH,2.2,4.0,month,2023-07,11.143,330
O4a,NSBH,2.2,4.0,month,2023-08,10.898,371
O4a,NSBH,2.2,4.0,month,2023-09,10.917,351
O4a,NSBH,2.2,4.0,month,2023-10,11.126,331
O4a,NSBH,2.2,4.0,month,2023-11,11.084,322
O4a,NSBH,2.2,4.0,month,2023-12,11.183,254
O4a,NSBH,2.2,4.0,month,2024-01,10.873,112
O4a,NSBH,2.2,4.0,dominant,H1,11.038,892
O4a,NSBH,2.2,4.0,dominant,L1,10.88,1258
O4a,NSBH,2.2,4.0,chirp mass,2.20-2.40,11.183,859
O4a,NSBH,2.2,4.0,chirp mass,2.40-2.63,10.945,833
O4a,NSBH,2.2,4.0,chirp mass,2.63-4.00,11.012,794
O4a,NSBH,2.2,4.0,redshift,0.006-0.063,11.393,1073
O4a,NSBH,2.2,4.0,redshift,0.063-0.094,11.247,840
O4a,NSBH,2.2,4.0,redshift,0.094-0.250,10.733,573
O4a,NSBH,2.2,4.0,noise,32 draws,11.045,2486
O4a,NSBH,2.2,4.0,noise,no peak offset,10.902,2486
O4a,NSBH,2.2,4.0,noise,duty cycle,10.097,2486
O4a,BBH,20.0,35.0,search,GstLAL,10.407,68233
O4a,BBH,20.0,35.0,search,MBTA,12.874,42346
O4a,BBH,20.0,35.0,search,PyCBC,10.093,72365
O4a,BBH,20.0,35.0,search,cWB,13.291,39215
O4a,BBH,20.0,35.0,far,0.01,10.928,61683
O4a,BBH,20.0,35.0,far,0.1,10.42,68075
O4a,BBH,20.0,35.0,far,0.25,10.2,70935
O4a,BBH,20.0,35.0,far,10,9.124,85351
O4a,BBH,20.0,35.0,network,H1,10.477,6048
O4a,BBH,20.0,35.0,network,H1L1,9.73,61635
O4a,BBH,20.0,35.0,network,L1,10.081,7998
O4a,BBH,20.0,35.0,month,2023-05,9.798,2312
O4a,BBH,20.0,35.0,month,2023-06,9.863,10692
O4a,BBH,20.0,35.0,month,2023-07,9.866,10769
O4a,BBH,20.0,35.0,month,2023-08,9.876,10324
O4a,BBH,20.0,35.0,month,2023-09,9.775,11026
O4a,BBH,20.0,35.0,month,2023-10,9.852,9994
O4a,BBH,20.0,35.0,month,2023-11,9.78,8986
O4a,BBH,20.0,35.0,month,2023-12,9.882,8355
O4a,BBH,20.0,35.0,month,2024-01,9.951,3223
O4a,BBH,20.0,35.0,dominant,H1,9.76,26703
O4a,BBH,20.0,35.0,dominant,L1,9.706,34932
O4a,BBH,20.0,35.0,chirp mass,20.00-25.92,10.007,25499
O4a,BBH,20.0,35.0,chirp mass,25.92-30.71,9.768,25372
O4a,BBH,20.0,35.0,chirp mass,30.71-35.00,9.759,24810
O4a,BBH,20.0,35.0,redshift,0.005-0.306,10.438,32674
O4a,BBH,20.0,35.0,redshift,0.306-0.468,9.996,25872
O4a,BBH,20.0,35.0,redshift,0.468-1.469,9.513,17135
O4a,BBH,20.0,35.0,noise,32 draws,9.844,75681
O4a,BBH,20.0,35.0,noise,no peak offset,9.715,75681
O4a,BBH,20.0,35.0,noise,duty cycle,9.219,75681
O4b,BNS,1.12,1.4,search,GstLAL,14.136,334
O4b,BNS,1.12,1.4,search,MBTA,12.212,455
O4b,BNS,1.12,1.4,search,PyCBC,12.414,442
O4b,BNS,1.12,1.4,far,0.01,12.865,411
O4b,BNS,1.12,1.4,far,0.1,12.372,444
O4b,BNS,1.12,1.4,far,0.25,12.201,456
O4b,BNS,1.12,1.4,far,10,11.129,536
O4b,BNS,1.12,1.4,network,H1L1,11.362,65
O4b,BNS,1.12,1.4,network,H1L1V1,11.543,291
O4b,BNS,1.12,1.4,network,L1,11.837,32
O4b,BNS,1.12,1.4,network,L1V1,12.175,74
O4b,BNS,1.12,1.4,month,2024-04,11.368,39
O4b,BNS,1.12,1.4,month,2024-05,12.353,69
O4b,BNS,1.12,1.4,month,2024-06,12.117,54
O4b,BNS,1.12,1.4,month,2024-08,12.031,40
O4b,BNS,1.12,1.4,month,2024-09,11.279,68
O4b,BNS,1.12,1.4,month,2024-11,11.377,54
O4b,BNS,1.12,1.4,month,2024-12,11.513,66
O4b,BNS,1.12,1.4,month,2025-01,11.427,49
O4b,BNS,1.12,1.4,dominant,H1,11.587,146
O4b,BNS,1.12,1.4,dominant,L1,11.447,210
O4b,BNS,1.12,1.4,chirp mass,1.12-1.25,11.837,165
O4b,BNS,1.12,1.4,chirp mass,1.25-1.33,11.693,168
O4b,BNS,1.12,1.4,chirp mass,1.33-1.40,11.636,159
O4b,BNS,1.12,1.4,redshift,0.005-0.031,12.278,201
O4b,BNS,1.12,1.4,redshift,0.031-0.048,11.852,170
O4b,BNS,1.12,1.4,redshift,0.048-0.126,11.489,120
O4b,BNS,1.12,1.4,noise,32 draws,11.786,491
O4b,BNS,1.12,1.4,noise,no peak offset,11.631,491
O4b,BNS,1.12,1.4,noise,duty cycle,9.279,491
O4b,NSBH,2.2,4.0,search,GstLAL,11.697,2276
O4b,NSBH,2.2,4.0,search,MBTA,11.692,2279
O4b,NSBH,2.2,4.0,search,PyCBC,11.655,2297
O4b,NSBH,2.2,4.0,far,0.01,12.116,2055
O4b,NSBH,2.2,4.0,far,0.1,11.644,2303
O4b,NSBH,2.2,4.0,far,0.25,11.441,2413
O4b,NSBH,2.2,4.0,far,10,10.515,2906
O4b,NSBH,2.2,4.0,network,H1L1,10.531,392
O4b,NSBH,2.2,4.0,network,H1L1V1,11.03,1534
O4b,NSBH,2.2,4.0,network,H1V1,11.62,113
O4b,NSBH,2.2,4.0,network,L1,11.619,120
O4b,NSBH,2.2,4.0,network,L1V1,11.728,389
O4b,NSBH,2.2,4.0,month,2024-04,10.923,191
O4b,NSBH,2.2,4.0,month,2024-05,11.219,312
O4b,NSBH,2.2,4.0,month,2024-06,11.045,342
O4b,NSBH,2.2,4.0,month,2024-07,11.378,184
O4b,NSBH,2.2,4.0,month,2024-08,11.411,197
O4b,NSBH,2.2,4.0,month,2024-09,11.116,337
O4b,NSBH,2.2,4.0,month,2024-10,11.481,135
O4b,NSBH,2.2,4.0,month,2024-11,11.191,238
O4b,NSBH,2.2,4.0,month,2024-12,10.961,343
O4b,NSBH,2.2,4.0,month,2025-01,10.96,297
O4b,NSBH,2.2,4.0,dominant,H1,10.888,813
O4b,NSBH,2.2,4.0,dominant,L1,10.961,1113
O4b,NSBH,2.2,4.0,chirp mass,2.20-2.39,11.267,911
O4b,NSBH,2.2,4.0,chirp mass,2.39-2.62,11.002,874
O4b,NSBH,2.2,4.0,chirp mass,2.62-4.00,11.147,791
O4b,NSBH,2.2,4.0,redshift,0.003-0.065,11.703,1111
O4b,NSBH,2.2,4.0,redshift,0.065-0.098,11.328,869
O4b,NSBH,2.2,4.0,redshift,0.098-0.375,10.743,596
O4b,NSBH,2.2,4.0,noise,32 draws,11.132,2576
O4b,NSBH,2.2,4.0,noise,no peak offset,10.977,2576
O4b,NSBH,2.2,4.0,noise,duty cycle,9.147,2576
O4b,BBH,20.0,35.0,search,GstLAL,10.435,70833
O4b,BBH,20.0,35.0,search,MBTA,12.425,48065
O4b,BBH,20.0,35.0,search,PyCBC,10.399,71314
O4b,BBH,20.0,35.0,search,cWB,14.588,32481
O4b,BBH,20.0,35.0,far,0.01,11.049,62916
O4b,BBH,20.0,35.0,far,0.1,10.557,69202
O4b,BBH,20.0,35.0,far,0.25,10.341,72100
O4b,BBH,20.0,35.0,far,10,9.26,86960
O4b,BBH,20.0,35.0,network,H1,10.348,1253
O4b,BBH,20.0,35.0,network,H1L1,9.421,10242
O4b,BBH,20.0,35.0,network,H1L1V1,9.788,43306
O4b,BBH,20.0,35.0,network,H1V1,11.113,3582
O4b,BBH,20.0,35.0,network,L1,10.297,4263
O4b,BBH,20.0,35.0,network,L1V1,10.446,14000
O4b,BBH,20.0,35.0,network,V1,10.169,398
O4b,BBH,20.0,35.0,month,2024-04,9.732,6133
O4b,BBH,20.0,35.0,month,2024-05,10.008,9769
O4b,BBH,20.0,35.0,month,2024-06,9.85,9672
O4b,BBH,20.0,35.0,month,2024-07,10.304,5559
O4b,BBH,20.0,35.0,month,2024-08,10.368,6115
O4b,BBH,20.0,35.0,month,2024-09,9.899,9598
O4b,BBH,20.0,35.0,month,2024-10,10.152,4544
O4b,BBH,20.0,35.0,month,2024-11,9.959,7518
O4b,BBH,20.0,35.0,month,2024-12,9.861,9780
O4b,BBH,20.0,35.0,month,2025-01,9.891,8356
O4b,BBH,20.0,35.0,dominant,H1,9.757,21989
O4b,BBH,20.0,35.0,dominant,L1,9.687,31559
O4b,BBH,20.0,35.0,chirp mass,20.00-25.85,10.101,25929
O4b,BBH,20.0,35.0,chirp mass,25.85-30.63,9.934,25723
O4b,BBH,20.0,35.0,chirp mass,30.63-35.00,9.898,25392
O4b,BBH,20.0,35.0,redshift,0.005-0.311,10.636,33548
O4b,BBH,20.0,35.0,redshift,0.311-0.481,10.187,26215
O4b,BBH,20.0,35.0,redshift,0.481-1.485,9.564,17281
O4b,BBH,20.0,35.0,noise,32 draws,9.98,77044
O4b,BBH,20.0,35.0,noise,no peak offset,9.837,77044
O4b,BBH,20.0,35.0,noise,duty cycle,8.366,77044
